,text
0,"RT @GBNEWS: 'With rising interest rates, cash flows are being pushed...Farms are now cutting back on larger retail productions.'

Food infl‚Ä¶"
1,@POTUS You came in and brought inflation wtf r u talking about gramps
2,"5.9% increase on rail fares - government say it's lower than inflation so OK.
Teachers, nurses, doctors and rail wo‚Ä¶ https://t.co/tjIIAjzwcU"
3,"RT @AnshumanSail: It is tragic to see that BJP leaders can't see inflation and unemployment in India.

Unemployment is at the highest, pric‚Ä¶"
4,RT @Farazwazir786: The former premier said that there was inflation around the world when his party was in government during COVID-19. He w‚Ä¶
5,"RT @steve_hanke: Instead of addressing sky-high INFLATION, GROWING POVERTY, AND PLUMMETING SAFETY, Pres. Buhari has prioritized leading a F‚Ä¶"
6,"RT @AhmedAbrar92: The one percent elite who are in control of the country have been squeezing the blood of the people of Pakistan, Only Teh‚Ä¶"
7,"RT @steve_hanke: Instead of addressing sky-high INFLATION, GROWING POVERTY, AND PLUMMETING SAFETY, Pres. Buhari has prioritized leading a F‚Ä¶"
8,"@jordanbpeterson Lockdown caused psychological and economic harm, accelerated inflation, and pushed the already vul‚Ä¶ https://t.co/5w2GmPYUxJ"
9,"RT @unusual_whales: Larry Summers: ""The Fed can stop inflation. But whether it can stop inflation with a soft landing, without impacts on e‚Ä¶"
10,"RT @771klcraddoc: The Democratic Party has been focused on governing the country. Infrastructure bills, legislation aimed at improving heal‚Ä¶"
11,"RT @UnknownArtistML: [WARNING]
If I ever catch ANYONE drawing my OCs with feet tickling, body inflation, farting/pooping, or any NSFW in ge‚Ä¶"
12,"RT @steve_hanke: Instead of addressing sky-high INFLATION, GROWING POVERTY, AND PLUMMETING SAFETY, Pres. Buhari has prioritized leading a F‚Ä¶"
13,WATCH: Chinese Premier Li Keqiang comments on inflation in his final government work report to the National People‚Äô‚Ä¶ https://t.co/RZVbcjru8C
14,RT @ImranKhanPTI: Rupee slaughtered - lost over 62% or 110/$ in 11 months of PDM. This has increased public debt alone Rs 14.3 trn &amp; histor‚Ä¶
15,"RT @McardleTrevor: Also

A Government that legalises the pouring of raw sewage into seas &amp; rivers, who wilfully damages the economy, overse‚Ä¶"
16,"RT @steve_hanke: Instead of addressing sky-high INFLATION, GROWING POVERTY, AND PLUMMETING SAFETY, Pres. Buhari has prioritized leading a F‚Ä¶"
17,"currency change and a new system, and both times marked by a war that took place to get rid of the old system and e‚Ä¶ https://t.co/Pja32lEwna"
18,@Nike @KingJames @uninterrupted He plays with a ball for a living. Really important during unbelievably high inflat‚Ä¶ https://t.co/fwoRmJloJm
19,@SirOfFinance The above arguments do not take into account fiscal angle which is definitely out of purview of Centr‚Ä¶ https://t.co/ikBsidSwlx
20,"@Sachitmehra @JustinTrudeau @liberal_party @TerryDuguid @Kevin_Lamoureux inflation, the sneaky tax on the poor"
21,"RT @WallStreetSilv: How Inflation looks like in Germany ...

Before &amp; After ...

üîämusic ...ü§® https://t.co/jvUYqz5DEe"
22,"RT @steve_hanke: Instead of addressing sky-high INFLATION, GROWING POVERTY, AND PLUMMETING SAFETY, Pres. Buhari has prioritized leading a F‚Ä¶"
23,"RT @McardleTrevor: Also

A Government that legalises the pouring of raw sewage into seas &amp; rivers, who wilfully damages the economy, overse‚Ä¶"
24,"RT @rishibagree: In Pakistan:

No Forex left
31% Inflation
45% Food Inflation
20% Repo Rate
Fuel rates up by 3x

But yet it Ranked Higher t‚Ä¶"
25,RT @WifeyAlpha: Strategies for inflation https://t.co/CcHMGAxq1T
26,"‚ÄúAs products grow more expensive and exclusive, big swaths of the economy are at risk of becoming gentrified, raisi‚Ä¶ https://t.co/AHY8ar8B8K"
27,Where does he want to see 100k minimum wage? Plus is he aware of what is called inflation? https://t.co/cszpzxYVB9
28,"RT @JPEGculture: Ways the Guvament steals your money:

- If you earn it, income tax
- If you spend it, sales tax
- If you live somewhere, p‚Ä¶"
29,"$DXY currently ~104,5 and possibly raising!
Depreciation of the Dollar would help US-exporters but would raise infl‚Ä¶ https://t.co/ae7d0LJsqn"
30,"RT @MartyBent: The 2Y Treasury Note rate is above the Fed Funds Rate. Markets are expecting inflation to remain elevated for longer.

The F‚Ä¶"
31,"@Erik_Hansen_ How to read? If you are in a Low inflation environment and raising inflation, you should buy High Yields Bonds?ü§î"
32,"RT @KobeissiLetter: Here are current interest rate expectations:

Odds of a 50 basis point rate hike are up to 28%.

Markets now see up to‚Ä¶"
33,"RT @Maryam_Rajavi: The policies of Khamenei and his henchmen have led to freefall of currency, soaring inflation and high prices, burdening‚Ä¶"
34,"RT @devendrayadvinc: #Inflation explained well in this short video 

Very interesting!

Watch out the boy in the helmet! https://t.co/VKns7‚Ä¶"
35,"RT @steve_hanke: Instead of addressing sky-high INFLATION, GROWING POVERTY, AND PLUMMETING SAFETY, Pres. Buhari has prioritized leading a F‚Ä¶"
36,"RT @EU_Eurostat: üÜï Euro area annual #inflation at 8.5% in February 2023

üîπFood, alcohol &amp; tobacco is expected to have the highest annual ra‚Ä¶"
37,"RT @raja786bh: This has increased public debt alone by Rs 14.3 trn &amp; historic 75 yr high inflation of 31.5%‚Äù, he said.

@TeamiPians 
#ÿÆÿßŸÜ_ÿ®‚Ä¶"
38,"RT @KobeissiLetter: #WATCH: 3 weeks ago Fed Chair Powell was asked about interest rates.

He said, ‚ÄúIf data comes in stronger and we need t‚Ä¶"
39,"procedures. We know ""follow the money"" to be the oldest and truest sense of deducing what's going on. One of the th‚Ä¶ https://t.co/DTLz5fqfKo"
40,"@Margot_loves_me There s a saying here: only the patient hunter gets a shot

Tax receipts crumbling. Inflation stil‚Ä¶ https://t.co/80vByl4m8s"
41,"@AndrewBowie_MP @Conservatives Trashing the economy, record inflation, mortgage rates through the roof, highest ene‚Ä¶ https://t.co/Q7KIVBmgFu"
42,This why i be staying my ass home bc when did they stop charging $5?? Inflation beating everybody‚Äôs ass
43,"RT @Zikidad: 8 questions to Mr @UhuruKE, 

Trust this tweet meets u well.

1. Is KE the world capital of poverty? 

2. Does KE have over 20‚Ä¶"
44,@POTUS Inflation falling?! LIAR!!!!!!!!!!! LIAR!!!!!!! I just LOST EVERYTHING YOU PIECE OF üí©
45,RT @Farazwazir786: The former premier said that there was inflation around the world when his party was in government during COVID-19. He w‚Ä¶
46,@GBNEWS Apparently it‚Äôs good news because it doesn‚Äôt apply to all rail fares and is below the rate of inflation‚Ä¶am I missing something ?
47,RT @GridOjaka: @OgolaFogola @WilliamsRuto @rigathi @SakajaJohnson @KIMANIICHUNGWAH @citizentvkenya @K24Tv @NTVnewsroom @OLU_Kenya Indeed fo‚Ä¶
48,"The whole country is deteriorating and inflation rate is high but their whole focus is on how to arrest Imran Khan,‚Ä¶ https://t.co/24tEutRhYU"
49,@ageswun @BIGMANRTX Unfortunately due to inflation ¬£5 munch is now the ¬£5 singular bite
50,"""We don't know what‚Äôs happening to inflation. The Fed is creeping forward through a dense data fog

So it should av‚Ä¶ https://t.co/LMLSO5pz0h"
51,RT @vitalsigns_era: #Sholay still holds the record for the all-time highest grossing film in Hindi version in India with a lifetime gross o‚Ä¶
52,"RT @McardleTrevor: Also

A Government that legalises the pouring of raw sewage into seas &amp; rivers, who wilfully damages the economy, overse‚Ä¶"
53,"RT @steve_hanke: Instead of addressing sky-high INFLATION, GROWING POVERTY, AND PLUMMETING SAFETY, Pres. Buhari has prioritized leading a F‚Ä¶"
54,"@AnelaJuly1 @NEWSMAX A bill like this is just the thing that will lower gas  and egg prices, high housing interest‚Ä¶ https://t.co/8DzWm8TvnV"
55,"RT @steve_hanke: Instead of addressing sky-high INFLATION, GROWING POVERTY, AND PLUMMETING SAFETY, Pres. Buhari has prioritized leading a F‚Ä¶"
56,"RT @fky6677: Addressing the nation via video link, he lambasted Prime Minister Shehbaz Sharif, saying the latter was preparing the nation f‚Ä¶"
57,Thomas Massie SCHOOLS Jamie Raskin With BASIC Inflation Explaination https://t.co/TT55odYa96 via @YouTube
58,"RT @SaminaHMalik: Mr. Bajwa Faiz, this experience of yours has cost the nation very much
The cost of which is being borne by the nation tod‚Ä¶"
59,"RT @C_Barraud: üá∫üá∏ #Fed‚Äôs Daly Says More Rate Hikes Likely Needed to Cool #Inflation - Bloomberg
https://t.co/LznUTg8PjF"
60,"RT @shanum787898: ""Today, they have turned out in large numbers to participate in the protest against inflation,""

#Ÿæ€å_Ÿπ€å_ÿßÿ¶€å_ÿØŸàÿ™€Åÿßÿ¶€å
#ÿπŸÖÿ±ÿß‚Ä¶"
61,"RT @ShivamJ24: @Advaidism People are Gujarat are happy with high tariffs, high inflation, high unemployment l, high corruption. They will e‚Ä¶"
62,"RT @stats_feed: Inflation rate:

Argentina üá¶üá∑ 98.8%
Turkey üáπüá∑ 55.18%
Russia üá∑üá∫ 11.8%
UK üá¨üáß 10.1%
Italy üáÆüáπ 9.2%
Germany üá©üá™ 8.7%
Euro Area üá™üá∫‚Ä¶"
63,"RT @fky6677: Addressing the nation via video link, he lambasted Prime Minister Shehbaz Sharif, saying the latter was preparing the nation f‚Ä¶"
64,"RT @steve_hanke: Instead of addressing sky-high INFLATION, GROWING POVERTY, AND PLUMMETING SAFETY, Pres. Buhari has prioritized leading a F‚Ä¶"
65,RT @jmhorp: Here's how the NY Times explains inflation. Notice anything missing? https://t.co/Ql3ESnoxxW
66,"RT @POTUS: Inflation has fallen seven straight months.
 
Gas prices are down $1.60 since their peak, and we‚Äôre going to keep pushing.
 
Fol‚Ä¶"
67,"RT @POTUS: Let‚Äôs take a look at our economic growth:
 
12 million new jobs.
 
Unemployment at a 53-year low.
 
Inflation falling for 7 stra‚Ä¶"
68,"RT @CBCNews: On Wednesday, the Bank of Canada unveils its latest interest rate policy. Many expect it to make good on a promise to hit the‚Ä¶"
69,@UniversalEvent @NJ_Timothy Inflation will put this nearer ¬£1.1 million; we can only hope they‚Äôve factored this in.
70,"RT @newrepublic: When Biden signed the Inflation Reduction Act into law last year, that measure capped out of pocket insulin costs for Medi‚Ä¶"
71,"Final/ Research Reports about how China's recent ""QE"" drove narratives for CN linked token pumps and supported BTC‚Ä¶ https://t.co/6D9jLkjr3n"
72,"Why the US and the world are experiencing INFLATION. 

Thomas Massie SCHOOLS Jamie Raskin With BASIC Inflation Expl‚Ä¶ https://t.co/6bvpTpLUfA"
73,"RT @steve_hanke: The Pakistan Bureau of Statistics released its inflation figure for February at 31.6%/yr. It‚Äôs BOGUS! Today, I accurately‚Ä¶"
74,"RT @Khanimranist: I don't understand where we are taking this country. 
If you arrest Khan, the situation will be out of your hands. 
The e‚Ä¶"
75,"RT @POTUS: Inflation has fallen seven straight months.
 
Gas prices are down $1.60 since their peak, and we‚Äôre going to keep pushing.
 
Fol‚Ä¶"
76,"RT @POTUS: Inflation has fallen seven straight months.
 
Gas prices are down $1.60 since their peak, and we‚Äôre going to keep pushing.
 
Fol‚Ä¶"
77,"RT @steve_hanke: Instead of addressing sky-high INFLATION, GROWING POVERTY, AND PLUMMETING SAFETY, Pres. Buhari has prioritized leading a F‚Ä¶"
78,"RT @shahid_PTI10: Dollar 300 RS
 Interest rate 20 percent
 Inflation at 75-year high.  But instead of controlling these things, our institu‚Ä¶"
79,"The Fed now has no choice but to push the US into a 'hard landing' recession to pull inflation down, strategist says https://t.co/SNXdCcFCoY"
80,RT @benatipsos: NEW This is encouraging - rising consumer confidence - although it remains lower than pre the pandemic and cost of living c‚Ä¶
81,"RT @binjoadeniran: Thank you to all APC candidates for their apologies. They had 4 years to apologise to make the country more secure, work‚Ä¶"
82,@RoKhanna Wages haven‚Äôt kept up with inflation for years. The min wage has stagnated since 2009.  That‚Äôs one part o‚Ä¶ https://t.co/fdA8k9vA5G
83,"RT @Mister_Ch0c: Welcome to Europe
They say the inflation is 9% they rly think we're dumb lol https://t.co/n88TrWzQ7W"
84,"RT @mehrbanoosamura: #Fathom A New Way of Passive Income.
üî•üêã
@FathomFinance
üî•üêã
 #Viral #CMC #RBXS #Inflation https://t.co/ePLX4UunjM"
85,"RT @DanMorpheusCEO: Supply chain pressures are easing!
¬†
@ism reports that the rate of slow deliveries has fallen to the lowest level in 3‚Ä¶"
86,RT @VivekGRamaswamy: This WSJ headline captures the basic problem with a Federal Reserve that is ‚Äúvexed‚Äù by a resilient economy. The Philli‚Ä¶
87,"RT @PehnDiSiri: Ishaq Dar's response when someone asks him ""what will you do to decrease inflation and bring $ price down"" https://t.co/fjt‚Ä¶"
88,"@Dev_Fadnavis @narendramodi @_MAnant Sir, what about unleashed or Uncontrollable Inflation? 

as per RBI reports on‚Ä¶ https://t.co/qNOvCNgP02"
89,@frankoz95967943 Numbers going up means the returns (ie. interest) on the bonds (ie. debt) is going up. The only wa‚Ä¶ https://t.co/cf7wjMjTmg
90,"The #CPI for Water and sewer and trash collection services, seasonally adjusted, increased 0.9% MoM in Jan 2023 aft‚Ä¶ https://t.co/Cbki2308eV"
91,"@balajis Crypto = Freedom. Crypto adoption is truly global, particularly in countries with failed banking systems,‚Ä¶ https://t.co/MKbxI8eHpE"
92,"@EliseStefanik @TonyGonzales4TX It has NOTHING to do with inflation. 
We salute Joe Biden for our jobs and pay incr‚Ä¶ https://t.co/bXKSLEjuYt"
93,"RT @btc_quotes: ""‚ÄùMild‚Äù steady inflation cannot help ‚Äî it can lead only to outright inflation."" ‚ÄîFriedrich Hayek"
94,@BobHart17648443 @SallyLawry @JEChalmers You know that governments index taxation as inflation and bracket creep change.
95,"@POTUS ""New"" jobs. 
Inflation is still pretty fucking high because you put it there."
96,"RT @TommyPigott: @POTUS Let‚Äôs take a look at the facts:

Inflation has been above 5% for almost 2 years.

Real wages have fallen at the fas‚Ä¶"
97,"RT @WallStreetSilv: How Inflation looks like in Germany ...

Before &amp; After ...

üîämusic ...ü§® https://t.co/jvUYqz5DEe"
98,"RT @POTUS: Seniors on Medicare are already feeling the effects of the Inflation Reduction Act I signed into law.
 
When they pick up their‚Ä¶"
99,"RT @C_Barraud: üá∫üá∏ #Fed‚Äôs Daly Says More Rate Hikes Likely Needed to Cool #Inflation - Bloomberg
https://t.co/LznUTg8PjF"
100,"RT @raja786bh: Now we will know what historical inflation is called!!!
The country is deliberately drowned!!
The sinkers, 
The beggars, 
Th‚Ä¶"
101,RT @RQPoliticalBlog: We lied about Covid. We lied about lockdowns. We lied about masks. We lied about the shots. We lied about Russian coll‚Ä¶
102,RT @shakeel_ahmed9: #Inflation #Poverty #Commonman Social fabric https://t.co/97NUtcgeD4
103,"@samstrades RBA will do anything to save the property market. Essentially the RBA had two choices, higher Inflation‚Ä¶ https://t.co/qY3hTj1zpx"
104,"RT @TheSkyhopper: A tight labour market!  That‚Äôs about $3,000 US Dollars to sign.  I‚Äôd guess just up front cash advance to say the worst.‚Ä¶"
105,RT @BloombergAsia: Markets are delivering a harsh verdict on the ECB‚Äôs efforts to rein in inflation https://t.co/BUETBue9lk
106,"RT @real_defender: @POTUS Here are the real facts:

Inflation is 8% higher than last year. 

These are not new jobs, just jobs recovered fr‚Ä¶"
107,"3) But Depression is my personal opinion. Seeing how bad the conditions are, I think Recession is a bit of an optim‚Ä¶ https://t.co/Az9chzaFeQ"
108,"RT @steve_hanke: Instead of addressing sky-high INFLATION, GROWING POVERTY, AND PLUMMETING SAFETY, Pres. Buhari has prioritized leading a F‚Ä¶"
109,"RT @suru27: Our interview with Sahil Kapoor @SahilKapoor, Head of Products, DSP Mutual Fund is out. We cover wide range of topics related t‚Ä¶"
110,RT @POTUS: My statement on the Inflation Reduction Act of 2022. https://t.co/HO5Spf6jts
111,"RT @POTUS: Let‚Äôs take a look at our economic growth:
 
12 million new jobs.
 
Unemployment at a 53-year low.
 
Inflation falling for 7 stra‚Ä¶"
112,@amitmalviya Aren't you going to account for inflation ?
113,"RT @DanMorpheusCEO: Supply chain pressures are easing!
¬†
@ism reports that the rate of slow deliveries has fallen to the lowest level in 3‚Ä¶"
114,"RT @ianrich15813274: The Tory government is always 'planning' to end things: inflation, small boat crossings, corruption, pollution, rough‚Ä¶"
115,"@POTUS Wages are up worldwide because inflation but in the end we have less money to spend. Not only Biden is lying, the whole West is."
116,"RT @fky6677: Addressing the nation via video link, he lambasted Prime Minister Shehbaz Sharif, saying the latter was preparing the nation f‚Ä¶"
117,@DogecoinCyprus Looks like you haven't done your research properly. Try #Nano  and come back if you still there isn‚Ä¶ https://t.co/QHXICLfCpZ
118,"RT @devendrayadvinc: #Inflation explained well in this short video 

Very interesting!

Watch out the boy in the helmet! https://t.co/VKns7‚Ä¶"
119,@mwfowlie @NZQandA Almost like you have missed that the record profits is what's driving the inflation that's hurting everyone.
120,"RT @JC_Investment: Remember, the Federal Reserve has NO intention of fighting inflation.

They prefer No landing over soft-landing.

Raisin‚Ä¶"
121,The real annual returns from 1900-2022 on equites versus bonds internationally | Performance numbers after inflatio‚Ä¶ https://t.co/wmGNHbUwE7
122,"RT @POTUS: Inflation has fallen seven straight months.
 
Gas prices are down $1.60 since their peak, and we‚Äôre going to keep pushing.
 
Fol‚Ä¶"
123,gradual inflationary reduction does not mean a coin or token is deflationary... it's only deflationary if the amoun‚Ä¶ https://t.co/N5e4TeQRKA
124,Markets are delivering a harsh verdict on the ECB‚Äôs efforts to rein in inflation https://t.co/BUETBue9lk
125,"The Dars &amp; Tareens both have contributed to this mess.

Its a political &amp; economic failure of epic proportions. Oth‚Ä¶ https://t.co/MJbuTIgywG"
126,@AngrySalmond The Tories have got rid of the leaders that voters disliked. @UKLabour now does not disagree with the‚Ä¶ https://t.co/EHhSXqiqu8
127,"RT @SaminaHMalik: Mr. Bajwa Faiz, this experience of yours has cost the nation very much
The cost of which is being borne by the nation tod‚Ä¶"
128,@KobeissiLetter Capital controls are measures of uncompetitive economies. The anti-China hysteria keeps Americans f‚Ä¶ https://t.co/YYPq6ivRos
129,"RT @KeithBradsher: China is targeting inflation-adjusted gdp growth of 5%. Military budget, not adjusted for inflation, will rise 7.2%. If‚Ä¶"
130,"RT @steve_hanke: Instead of addressing sky-high INFLATION, GROWING POVERTY, AND PLUMMETING SAFETY, Pres. Buhari has prioritized leading a F‚Ä¶"
131,Plus it's fun to treat myself to fast food every 2-3 weeks. With all this inflation shit its dope that Rallys still‚Ä¶ https://t.co/gSp0dLMv3y
132,RT @Lodhi666: Imran Khan has spent the past several months demanding early elections but the PDM Govt preferred to escape because of their‚Ä¶
133,@deirdrepike inflation the sneaky tax on the poor
134,"RT @POTUS: Seniors on Medicare are already feeling the effects of the Inflation Reduction Act I signed into law.
 
When they pick up their‚Ä¶"
135,"RT @Mubashar_300: Mr. Bajwa Faiz, this experience of yours has cost the nation very much
The cost of which is being borne by the nation tod‚Ä¶"
136,RT @grhutchens: Have employers used high inflation as cover to make excessive profits? https://t.co/FkRakFGT5P
137,RT @BloombergTV: WATCH: Chinese Premier Li Keqiang comments on inflation in his final government work report to the National People‚Äôs Congr‚Ä¶
138,RT @sd1158989: @Yasmin38093 Hello! Beautiful Yasmin!.Have a wonderful Sunday and amazing Day just for you.I hope you are fine Sweetheart an‚Ä¶
139,"RT @steve_hanke: The Pakistan Bureau of Statistics released its inflation figure for February at 31.6%/yr. It‚Äôs BOGUS! Today, I accurately‚Ä¶"
140,"RT @Mubashar_300: Mr. Bajwa Faiz, this experience of yours has cost the nation very much
The cost of which is being borne by the nation tod‚Ä¶"
141,RT @UtilityTheory: WE NEED TO GET GOVERNMENTS TO ALLOW FINTECH INNOVATION TO PROVIDE DIGITAL AUTOMATION IN THE GLOBAL SUPPLY CHAIN TO REDUC‚Ä¶
142,"RT @PehnDiSiri: Ishaq Dar's response when someone asks him ""what will you do to decrease inflation and bring $ price down"" https://t.co/fjt‚Ä¶"
143,"RT @shanum787898: ""Today, they have turned out in large numbers to participate in the protest against inflation,""

#Ÿæ€å_Ÿπ€å_ÿßÿ¶€å_ÿØŸàÿ™€Åÿßÿ¶€å
#ÿπŸÖÿ±ÿß‚Ä¶"
144,"RT @WallStreetSilv: How Inflation looks like in Germany ...

Before &amp; After ...

üîämusic ...ü§® https://t.co/jvUYqz5DEe"
145,RT @observerug: #Nigeria Supreme court declares govt rollout of new currency illegal. Says old currency must remain in circulation until en‚Ä¶
146,"RT @KausarZarnab: Arresting Imran Khan is not the solution. The rate of dollar, the economy and the inflation is not dependent on Imran Kha‚Ä¶"
147,RT @WifeyAlpha: Strategies for inflation https://t.co/CcHMGAxq1T
148,"RT @steve_hanke: Instead of addressing sky-high INFLATION, GROWING POVERTY, AND PLUMMETING SAFETY, Pres. Buhari has prioritized leading a F‚Ä¶"
149,"RT @raja786bh: Some guy who watches Shahrukh Khan and Salman Khan films is as silent on inflation as he is in the movie ""Koila""
 Shah Rukh‚Ä¶"
150,"RT @raja786bh: Now we will know what historical inflation is called!!!
The country is deliberately drowned!!
The sinkers, 
The beggars, 
Th‚Ä¶"
151,RT @SquizzSTK: It's put to Jim Chalmers that the RBA (stacked with corporate people) denies that increasing corporate profits are contribut‚Ä¶
152,"flag upside risks if incoming inflation and labor market data are firmer than expected.‚Äù

Follow me,‚Ä¶ https://t.co/v1Pqa6URXq"
153,"@GoldmanSachs Asset Management ‚Äì march Fixed Income update üëá

- ‚ÄúFOMC minutes indicate job not done yet. Minutes of‚Ä¶ https://t.co/KJcqMiTt2F"
154,Inflation assistance for all https://t.co/jDu6Zeq5jd
155,"‚ÄúInflation, let‚Äôs get it‚Äù ‚ò†Ô∏èüíÄ https://t.co/XPNatAu6Hm"
156,"@BlueMemeMe @IvyShoots They take a buzzword and milk it dry. What will ""defeating wokeness"" will do for reducing in‚Ä¶ https://t.co/vu8p6Fw1db"
157,RT @HarrisonKrank: Biden has paid more money to Ukraine adjusted for inflation than Jefferson paid for the Louisiana purchase. I say at thi‚Ä¶
158,"RT @steve_hanke: Instead of addressing sky-high INFLATION, GROWING POVERTY, AND PLUMMETING SAFETY, Pres. Buhari has prioritized leading a F‚Ä¶"
159,@BTC_for_Freedom Maybe #Bitcoin will become a global currency earlier than we're expecting. Especially with the inf‚Ä¶ https://t.co/k5CBQlmkJK
160,"RT @POTUS: Seniors on Medicare are already feeling the effects of the Inflation Reduction Act I signed into law.
 
When they pick up their‚Ä¶"
161,"@_PixieWillow @BokettoBorealis @Krekkov if i wanna suffer inflation in my bin of a country then i will, you can sod‚Ä¶ https://t.co/Ti52CutSvs"
162,"RT @SamaaEnglish: The federal government has slashed the Ramazan package by Rs3 billion to Rs5 billion, even as inflation rates climb to hi‚Ä¶"
163,üî•üá∫üá∏üî• It's not inflation Bubba it's price gouging and wage stagnation along with corporate greed they have not raise‚Ä¶ https://t.co/2kbip04hWG
164,"RT @steve_hanke: Pakistan is set to default on its $7 billion debt. This will further derail the economy. Today, I ACCURATELY measure infla‚Ä¶"
165,"RT @ThisWeekABC: The Ohio toxic train derailment, the origins of COVID, the economy &amp; inflation, Russia, China, the 2024 race ‚Äì the powerho‚Ä¶"
166,@POTUS Was that before inflation inched back up last month and the month before it was revised up...
167,RT @MohaleRamo6: Spices are hovering around R50. Eventually we're literarly going to have to eat the rich because inflation is out of contr‚Ä¶
168,RT @RobMax4: Does the RBA actually care about inflation or is it waging class warfare? via @crikey_news https://t.co/qOQ0pfR0rp
169,"RT @Reuters: ECB facing high core inflation in the near term, Lagarde says https://t.co/j9jx9ZHHqY https://t.co/kfAPjGPvmh"
170,"RT @SaminaHMalik: Mr. Bajwa Faiz, this experience of yours has cost the nation very much
The cost of which is being borne by the nation tod‚Ä¶"
171,"RT @ZafarHilaly: Rupert Stone, a journalist based out of Turkey, reports ‚Äò 5 million people will be close to famine in the coming weeks as‚Ä¶"
172,"RT @Reuters: ECB facing high core inflation in the near term, Lagarde says https://t.co/j9jx9ZHHqY https://t.co/kfAPjGPvmh"
173,"RT @steve_hanke: The Pakistan Bureau of Statistics released its inflation figure for February at 31.6%/yr. It‚Äôs BOGUS! Today, I accurately‚Ä¶"
174,"RT @steve_hanke: Instead of addressing sky-high INFLATION, GROWING POVERTY, AND PLUMMETING SAFETY, Pres. Buhari has prioritized leading a F‚Ä¶"
175,"RT @shanum787898: ""Today, they have turned out in large numbers to participate in the protest against inflation,""

#Ÿæ€å_Ÿπ€å_ÿßÿ¶€å_ÿØŸàÿ™€Åÿßÿ¶€å
#ÿπŸÖÿ±ÿß‚Ä¶"
176,@AndrewBowie_MP @Conservatives Halve the inflation you have multiplied by a factor of 8? ü§î
177,"RT @JoshLekach: Funko Pop inflation is real, and soyfacing nerds are in for a very dark winter https://t.co/oO51AmRqux"
178,#Nigeria Supreme court declares govt rollout of new currency illegal. Says old currency must remain in circulation‚Ä¶ https://t.co/FzJQuSsHnv
179,EX Finance Minister Miftah Ismail warns Public about Inflation Strom in Pakistan #PakistanFinance‚Ä¶ https://t.co/OeSNxTno0H
180,"""The ECB has failed to justify what it's doing in the context of a more profit-focused inflation story.""

The idea‚Ä¶ https://t.co/aYWhw58AjZ"
181,"With more people joining #MarvinInu the community will keep growing as will the social volume!
üêæ @Marvin_Inu üêæ
üü§
We‚Ä¶ https://t.co/1OKsKH4BLt"
182,"RT @Mubashar_300: Mr. Bajwa Faiz, this experience of yours has cost the nation very much
The cost of which is being borne by the nation tod‚Ä¶"
183,RT @LurkBat: @ericareport The Biden has set records on inflation? https://t.co/ROdWhREbjT
184,"RT @WilliamAEden: For my next trick, I'm going to explain the Federal Reserve and monetary policy, which almost no one understands

You'll‚Ä¶"
185,"@C_Barraud Dummy useless , inflation barely came down.
put fire on your own house"
186,RT @ADevotedYogi: State Inflation Tracker - United States Joint Economic Committee  https://t.co/3fWt7tgUjS
187,"RT @ThisWeekABC: The Ohio toxic train derailment, the origins of COVID, the economy &amp; inflation, Russia, China, the 2024 race ‚Äì the powerho‚Ä¶"
188,U.S. government bonds prices have been hit by inflation and fears of persistent high rates https://t.co/YIPVCn7H0B @WSJ„Çà„Çä
189,"RT @IMFNews: Inflation figures reported are important, but more important are people‚Äôs inflation expectations. Learn what they are in F&amp;D‚Äôs‚Ä¶"
190,RT @AdeDetective: 73 Genders? I thought it was 52...inflation really is getting out of hand
191,"RT @raja786bh: Some guy who watches Shahrukh Khan and Salman Khan films is as silent on inflation as he is in the movie ""Koila""
 Shah Rukh‚Ä¶"
192,"RT @rishibagree: In Pakistan:

No Forex left
31% Inflation
45% Food Inflation
20% Repo Rate
Fuel rates up by 3x

But yet it Ranked Higher t‚Ä¶"
193,"RT @raja786bh: A plain reading of the inflation bulletin underscored that the life of a common Pakistani had become miserable, as there was‚Ä¶"
194,"@markgoodair @SimonCalder Well yes. Live there for the last 6 months. They really do not like the government, not v‚Ä¶ https://t.co/X1FDHRYZSK"
195,"RT @steve_hanke: Instead of addressing sky-high INFLATION, GROWING POVERTY, AND PLUMMETING SAFETY, Pres. Buhari has prioritized leading a F‚Ä¶"
196,"ECB facing high core inflation in the near term, Lagarde says https://t.co/llKjdbwKbh"
197,"RT @POTUS: Let‚Äôs take a look at our economic growth:
 
12 million new jobs.
 
Unemployment at a 53-year low.
 
Inflation falling for 7 stra‚Ä¶"
198,"RT @TommyPigott: @POTUS Let‚Äôs take a look at the facts:

Inflation has been above 5% for almost 2 years.

Real wages have fallen at the fas‚Ä¶"
199,"Arresting Imran Khan is not the solution. The rate of dollar, the economy and the inflation is not dependent on Imr‚Ä¶ https://t.co/UWBBjxtCvl"
200,"RT @Khanimranist: I don't understand where we are taking this country. 
If you arrest Khan, the situation will be out of your hands. 
The e‚Ä¶"
201,"RT @steve_hanke: The Pakistan Bureau of Statistics released its inflation figure for February at 31.6%/yr. It‚Äôs BOGUS! Today, I accurately‚Ä¶"
202,"RT @steve_hanke: After 8 years as Nigeria‚Äôs president, Buhari leaves behind a dismal legacy: CORRUPTION, A JUNK CURRENCY, SOARING INFLATION‚Ä¶"
203,"RT @raja786bh: A plain reading of the inflation bulletin underscored that the life of a common Pakistani had become miserable, as there was‚Ä¶"
204,"RT @rishibagree: In Pakistan:

No Forex left
31% Inflation
45% Food Inflation
20% Repo Rate
Fuel rates up by 3x

But yet it Ranked Higher t‚Ä¶"
205,"RT @ForTexasHoujami: @POTUS Mr President,
Your Grade is A+ on MISLEADING America üòÜüòÜ 

And ""F"" as Failed:
‚úîFAILED -Reducing Food Prices
‚úîFai‚Ä¶"
206,"RT @SyedTar02233985: PTI staged a protest demonstration against rising inflation in the country on Sunday. A large number of party workers,‚Ä¶"
207,RT @Farazwazir786: The former premier said that there was inflation around the world when his party was in government during COVID-19. He w‚Ä¶
208,"RT @ClayTrader25: New inflation data today‚Ä¶ 7.5%! And it‚Äôs a well-known fact the government manipulates these numbers, so the scary thing i‚Ä¶"
209,"RT @steve_hanke: Instead of addressing sky-high INFLATION, GROWING POVERTY, AND PLUMMETING SAFETY, Pres. Buhari has prioritized leading a F‚Ä¶"
210,RT @Ruud_Zanders: ‚ÄúEuropean Central Bank policymakers faced up last week to some cold hard facts: companies are profiting from high inflati‚Ä¶
211,@kevin_cartmell we helped you in a time of need so can you help us as inflation bites
212,@andrewaperez @OntLiberal inflation the sneaky tax on the poor
213,"RT @PeetzDavid: ""Dr Weber says this all points to the need to develop new tools to tackle inflation in the future, rather than relying on t‚Ä¶"
214,"RT @SyedTar02233985: PTI staged a protest demonstration against rising inflation in the country on Sunday. A large number of party workers,‚Ä¶"
215,"RT @steve_hanke: Instead of addressing sky-high INFLATION, GROWING POVERTY, AND PLUMMETING SAFETY, Pres. Buhari has prioritized leading a F‚Ä¶"
216,"A tight labour market!  That‚Äôs about $3,000 US Dollars to sign.  I‚Äôd guess just up front cash advance to say the wo‚Ä¶ https://t.co/qtUA8uIKV6"
217,"RT @raja786bh: Now we will know what historical inflation is called!!!
The country is deliberately drowned!!
The sinkers, 
The beggars, 
Th‚Ä¶"
218,"RT @shanum787898: ""Today, they have turned out in large numbers to participate in the protest against inflation,""

#Ÿæ€å_Ÿπ€å_ÿßÿ¶€å_ÿØŸàÿ™€Åÿßÿ¶€å
#ÿπŸÖÿ±ÿß‚Ä¶"
219,"RT @CNBCTV18Live: #China sets growth target of 5% for 2023; #China targets #inflation rate of around 3% for 2023

‚óºÔ∏èChina aims to create ar‚Ä¶"
220,Etsy sellers say inflation and higher fees are hurting their holiday sales
221,"RT @steve_hanke: The Pakistan Bureau of Statistics released its inflation figure for February at 31.6%/yr. It‚Äôs BOGUS! Today, I accurately‚Ä¶"
222,"@KimNoreen22 @TonyGonzales4TX @GOP All things considered, I think Biden has done this country proud. More people ar‚Ä¶ https://t.co/i9IIpGOsUB"
223,"RT @POTUS: Let‚Äôs take a look at our economic growth:
 
12 million new jobs.
 
Unemployment at a 53-year low.
 
Inflation falling for 7 stra‚Ä¶"
224,"@GOP Hmmm‚Ä¶. Wages have not kept up with inflation, and the min wage has stagnated at $7.25 p/hr since 2009. The rig‚Ä¶ https://t.co/5GxTqvIBaO"
225,"RT @WallStreetSilv: How Inflation looks like in Germany ...

Before &amp; After ...

üîämusic ...ü§® https://t.co/jvUYqz5DEe"
226,"RT @steve_hanke: Instead of addressing sky-high INFLATION, GROWING POVERTY, AND PLUMMETING SAFETY, Pres. Buhari has prioritized leading a F‚Ä¶"
227,"RT @LarryTaunton: @POTUS You are a corrupt career politician who has never had an actual job.

Why did you blow up the Nord Stream Pipeline‚Ä¶"
228,"RT @POTUS: Seniors on Medicare are already feeling the effects of the Inflation Reduction Act I signed into law.
 
When they pick up their‚Ä¶"
229,"RT @steve_hanke: Instead of addressing sky-high INFLATION, GROWING POVERTY, AND PLUMMETING SAFETY, Pres. Buhari has prioritized leading a F‚Ä¶"
230,"RT @steve_hanke: Instead of addressing sky-high INFLATION, GROWING POVERTY, AND PLUMMETING SAFETY, Pres. Buhari has prioritized leading a F‚Ä¶"
231,@JonathanPieNews Everytime I think I am judging them too harshly they come in lower than inflation expected. You ha‚Ä¶ https://t.co/UIOjNJnKuU
232,"RT @steve_hanke: Instead of addressing sky-high INFLATION, GROWING POVERTY, AND PLUMMETING SAFETY, Pres. Buhari has prioritized leading a F‚Ä¶"
233,"RT @steve_hanke: Instead of addressing sky-high INFLATION, GROWING POVERTY, AND PLUMMETING SAFETY, Pres. Buhari has prioritized leading a F‚Ä¶"
234,"RT @steve_hanke: After 8 years as Nigeria‚Äôs president, Buhari leaves behind a dismal legacy: CORRUPTION, A JUNK CURRENCY, SOARING INFLATION‚Ä¶"
235,RT @PrezLives2022: Inflation is a man made concept usually caused by the Party running up the government debt which is always Republicans‚Ä¶‚Ä¶
236,"RT @Khanimranist: I don't understand where we are taking this country. 
If you arrest Khan, the situation will be out of your hands. 
The e‚Ä¶"
237,"RT @steve_hanke: Instead of addressing sky-high INFLATION, GROWING POVERTY, AND PLUMMETING SAFETY, Pres. Buhari has prioritized leading a F‚Ä¶"
238,RT @milanbusiness: Property investing can provide a hedge against inflation. Look for properties that will appreciate over time and make pr‚Ä¶
239,RT @ImranKhanPTI: Rupee slaughtered - lost over 62% or 110/$ in 11 months of PDM. This has increased public debt alone Rs 14.3 trn &amp; histor‚Ä¶
240,"RT @Long_for_Change: #Inflation out of control:
98% Argentina üá¶üá∑
55% Turkey üáπüá∑
11% Russia üá∑üá∫
10% UK üá¨üáß
9% Italy üáÆüáπ
8% Germany üá©üá™
8% Euro Ar‚Ä¶"
241,movies I watched when in 2006 when we first installed it at home air to this day. Yes we can factor in the inflatio‚Ä¶ https://t.co/32RxOfyxt1
242,"RT @steve_hanke: Pakistan is set to default on its $7 billion debt. This will further derail the economy. Today, I ACCURATELY measure infla‚Ä¶"
243,"Inflation rate is 41%:
It means 41% of population can't buy BASIC NECESSITIES"
244,"RT @MAGAneer: @paated @maddow Connect these dots geniuses:
WEF
Ukraine
Joe Biden
FTX
FBI
CIA
CNN
MSNBC
Pfizer
Moderna
Fauci
CCP
Covid
Groom‚Ä¶"
245,@TheTruth_XRP Delusion is inflation. When you INFLATE the money supply you create INFLATion. Your money has less pu‚Ä¶ https://t.co/kOvltea4Hp
246,RT @grhutchens: Have employers used high inflation as cover to make excessive profits? https://t.co/FkRakFGT5P
247,"RT @apocalypseos: üá¨üáß Hundreds of teachers rallied in London, demanding fair pay. The union which represents the majority of teachers and ed‚Ä¶"
248,"RT @Farazwazir786: Around 0.8 million professionals have left the country. Such is the level of despair. On one hand, there is inflation, w‚Ä¶"
249,"RT @MorePerfectUS: On today‚Äôs earnings call the CEO of Kroger, the biggest supermarket chain in the United States, admitted to investors th‚Ä¶"
250,RT @meanwhileinau: Are we told the REAL inflation rate? üßê https://t.co/9FYxScomY2
251,"RT @rishibagree: In Pakistan:

No Forex left
31% Inflation
45% Food Inflation
20% Repo Rate
Fuel rates up by 3x

But yet it Ranked Higher t‚Ä¶"
252,"RT @GDebatta: Biden just cut food stamps for 42 million americans

highest inflation in 40ys
highest interest rates in 40yrs
lowest consume‚Ä¶"
253,"RT @AhmedAbrar92: The one percent elite who are in control of the country have been squeezing the blood of the people of Pakistan, Only Teh‚Ä¶"
254,"RT @Mubashar_300: Mr. Bajwa Faiz, this experience of yours has cost the nation very much
The cost of which is being borne by the nation tod‚Ä¶"
255,"RT @JC_Investment: 2/2

Now, we have strong consumer demand + tight labor market pushing Breakeven inflation rate higher,

and Junk bond Sp‚Ä¶"
256,"RT @steve_hanke: Instead of addressing sky-high INFLATION, GROWING POVERTY, AND PLUMMETING SAFETY, Pres. Buhari has prioritized leading a F‚Ä¶"
257,"RT @shanum787898: ""Today, they have turned out in large numbers to participate in the protest against inflation,""

#Ÿæ€å_Ÿπ€å_ÿßÿ¶€å_ÿØŸàÿ™€Åÿßÿ¶€å
#ÿπŸÖÿ±ÿß‚Ä¶"
258,@NDBSecurities There might not a be huge inflation rally as expected but will move up
259,"RT @Quicktake: As global central banks continue to tackle inflation, does a shift from consumer goods spending to service consumption creat‚Ä¶"
260,"RT @laurenboebert: Thanks to this amendment, the OMB will have to post Inflation Impact Assessments of Biden‚Äôs executive orders and federal‚Ä¶"
261,"RT @real_defender: @POTUS Here are the real facts:

Inflation is 8% higher than last year. 

These are not new jobs, just jobs recovered fr‚Ä¶"
262,"RT @steve_hanke: Instead of addressing sky-high INFLATION, GROWING POVERTY, AND PLUMMETING SAFETY, Pres. Buhari has prioritized leading a F‚Ä¶"
263,"RT @worldranking_: @spectatorindex Inflation, consumer prices (annual %) - Ethiopia

2022: üî∫35.1
2021: üî∫26.8
2020: üî∫20.4
2019: üî∫15.8
2018:‚Ä¶"
264,"RT @fky6677: Addressing the nation via video link, he lambasted Prime Minister Shehbaz Sharif, saying the latter was preparing the nation f‚Ä¶"
265,"RT @steve_hanke: As inflation rages, Argentines are using pesos to paper their walls. I accurately measure inflation in #Argentina at a pun‚Ä¶"
266,"RT @steve_hanke: Instead of addressing sky-high INFLATION, GROWING POVERTY, AND PLUMMETING SAFETY, Pres. Buhari has prioritized leading a F‚Ä¶"
267,"Anti-crypto activists are triumphant about the failure of blockchain assets as #inflation hedges.

But we're not ye‚Ä¶ https://t.co/3SfuMaJ1SF"
268,"@DineshDSouza Focus on issues leading to policy &amp; Trump will win.
No more wars
Russia kept at bay
More oil here tha‚Ä¶ https://t.co/5Z90xPruEq"
269,"RT @TommyPigott: @POTUS Let‚Äôs take a look at the facts:

Inflation has been above 5% for almost 2 years.

Real wages have fallen at the fas‚Ä¶"
270,"RT @steve_hanke: #Ghana's economic death spiral just continues to spin. Today, I measure #inflation in Ghana at a stunning 94.24%/yr, ~1.76‚Ä¶"
271,@Aadil_Jillani This is shortest way to curb inflation. If üáµüá∞ takes oil from Russia and payment in Russian currency‚Ä¶ https://t.co/xKu1jcMq3a
272,"ECB facing high core inflation in the near term, Lagarde says
https://t.co/YVTovX5Xs9"
273,Inflation wasn't enough. They want to tax the scam even more. Fuck your super. Keep apeing illiquid shitcoins with‚Ä¶ https://t.co/EgdtVhTIQA
274,"RT @C_Barraud: üá∫üá∏ #Fed‚Äôs Daly Says More Rate Hikes Likely Needed to Cool #Inflation - Bloomberg
https://t.co/LznUTg8PjF"
275,@POTUS Replaced 12 million out of 14.5 million jobs. The Workforce Participation Rate is still down 1% from pre-Cov‚Ä¶ https://t.co/piMXTcg448
276,"RT @POTUS: Inflation has fallen seven straight months.
 
Gas prices are down $1.60 since their peak, and we‚Äôre going to keep pushing.
 
Fol‚Ä¶"
277,"RT @Khanimranist: I don't understand where we are taking this country. 
If you arrest Khan, the situation will be out of your hands. 
The e‚Ä¶"
278,"RT @BobEUnlimited: CB have noted contained inflation expectations and that most rises were short-term connected to oil.

In the last few we‚Ä¶"
279,RT @jmhorp: Here's how the NY Times explains inflation. Notice anything missing? https://t.co/Ql3ESnoxxW
280,The 2Y Treasury Note rate is above the Fed Funds Rate. Markets are expecting inflation to remain elevated for longe‚Ä¶ https://t.co/1Ff1bhTke9
281,"RT @BobEUnlimited: CB have noted contained inflation expectations and that most rises were short-term connected to oil.

In the last few we‚Ä¶"
282,"RT @stats_feed: Inflation rate:

Argentina üá¶üá∑ 98.8%
Turkey üáπüá∑ 55.18%
Russia üá∑üá∫ 11.8%
UK üá¨üáß 10.1%
Italy üáÆüáπ 9.2%
Germany üá©üá™ 8.7%
Euro Area üá™üá∫‚Ä¶"
283,"RT @keyonsay: - Social Media
- Extreme Expectations 
- ‚ÄúOptions‚Äù vs. Options
- Addiction to the honeymoon phase/puppy love phase
 - *Priori‚Ä¶"
284,"RT @ArbinuCoin: Wen Staking?ü•©
SoonüëÄ

We are excited to announce that our staking website goes live early March!üòÑ
The best part about our su‚Ä¶"
285,RT @RepSummerLee: We CANNOT let SNAP be slashed by $95 per month as grocery costs are through the roof and grocery CEOs are LITERALLY admit‚Ä¶
286,RT @ClayTrader25: Awesome gesture on this guy‚Äôs part. We need way more news headlines like this. I figured I would share something positive‚Ä¶
287,"RT @raja786bh: Now we will know what historical inflation is called!!!
The country is deliberately drowned!!
The sinkers, 
The beggars, 
Th‚Ä¶"
288,"RT @fky6677: Addressing the nation via video link, he lambasted Prime Minister Shehbaz Sharif, saying the latter was preparing the nation f‚Ä¶"
289,RT @samstrades: RBA to lift cash rate to 3.6pc to rein in inflation https://t.co/3FqcJBX4nv
290,"RT @steve_hanke: Instead of addressing sky-high INFLATION, GROWING POVERTY, AND PLUMMETING SAFETY, Pres. Buhari has prioritized leading a F‚Ä¶"
291,RT @ericareport: Inflation started surging during the Trump Administration. President Biden has worked tirelessly to get inflation lower in‚Ä¶
292,RT @lanpark98: @RealStephenKerr Wait I‚Äôll explain Stephen scotland give Englandshire money Englandshire then give us less back then inflati‚Ä¶
293,"RT @Farazwazir786: Around 0.8 million professionals have left the country. Such is the level of despair. On one hand, there is inflation, w‚Ä¶"
294,"RT @fky6677: Addressing the nation via video link, he lambasted Prime Minister Shehbaz Sharif, saying the latter was preparing the nation f‚Ä¶"
295,"RT @GonzaloLira1968: The Ukraine War HAS transformed Europe:

‚ñ™Ô∏èForcibly deindustrialized

‚ñ™Ô∏èRampant inflation

‚ñ™Ô∏èPropaganda instead of new‚Ä¶"
296,"RT @POTUS: Seniors on Medicare are already feeling the effects of the Inflation Reduction Act I signed into law.
 
When they pick up their‚Ä¶"
297,"RT @steve_hanke: Instead of addressing sky-high INFLATION, GROWING POVERTY, AND PLUMMETING SAFETY, Pres. Buhari has prioritized leading a F‚Ä¶"
298,RT @ImranKhanPTI: Congratulations to Sahiwal leadership &amp; team for their massive peaceful protest Jail Bharo (court arrest) movement agains‚Ä¶
299,RT @Farazwazir786: The former premier said that there was inflation around the world when his party was in government during COVID-19. He w‚Ä¶
300,"RT @SaminaHMalik: Mr. Bajwa Faiz, this experience of yours has cost the nation very much
The cost of which is being borne by the nation tod‚Ä¶"
301,"RT @SaminaHMalik: Mr. Bajwa Faiz, this experience of yours has cost the nation very much
The cost of which is being borne by the nation tod‚Ä¶"
302,RT @EzerRatchaga: This is why subsidies are mostly stupid. They are a way for politicians to buy votes but doesn't actually do anything oth‚Ä¶
303,"RT @steve_hanke: The Pakistan Bureau of Statistics released its inflation figure for February at 31.6%/yr. It‚Äôs BOGUS! Today, I accurately‚Ä¶"
304,"RT @steve_hanke: Instead of addressing sky-high INFLATION, GROWING POVERTY, AND PLUMMETING SAFETY, Pres. Buhari has prioritized leading a F‚Ä¶"
305,"RT @Khanimranist: I don't understand where we are taking this country. 
If you arrest Khan, the situation will be out of your hands. 
The e‚Ä¶"
306,"RT @steve_hanke: Instead of addressing sky-high INFLATION, GROWING POVERTY, AND PLUMMETING SAFETY, Pres. Buhari has prioritized leading a F‚Ä¶"
307,RT @ImranKhanPTI: Rupee slaughtered - lost over 62% or 110/$ in 11 months of PDM. This has increased public debt alone Rs 14.3 trn &amp; histor‚Ä¶
308,#Gold shot up last week after #traders bet that the Fed is nearing the end of its rate hike campaign despite higher‚Ä¶ https://t.co/q2cPPUEF5E
309,RT @ImranKhanPTI: Rupee slaughtered - lost over 62% or 110/$ in 11 months of PDM. This has increased public debt alone Rs 14.3 trn &amp; histor‚Ä¶
310,RT @ericareport: Inflation started surging during the Trump Administration. President Biden has worked tirelessly to get inflation lower in‚Ä¶
311,"RT @warrior_hub: Inflation still at a 40 year high. Food prices ridiculously high. Gas prices still double. 

Having your silly interns twe‚Ä¶"
312,"RT @StockmoneyL: Good morning #Bitcoin, good night Fiat money.

Liquidity and inflation will push #Bitcoin price constantly. We just have t‚Ä¶"
313,"RT @SaminaHMalik: Mr. Bajwa Faiz, this experience of yours has cost the nation very much
The cost of which is being borne by the nation tod‚Ä¶"
314,"U.S. inflows into sustainable funds fell to $3.1 billion in 2022, according to a Morningstar report, as rising inte‚Ä¶ https://t.co/PkCu7kxEPP"
315,"RT @Farazwazir786: Around 0.8 million professionals have left the country. Such is the level of despair. On one hand, there is inflation, w‚Ä¶"
316,"RT @devendrayadvinc: #Inflation explained well in this short video 

Very interesting!

Watch out the boy in the helmet! https://t.co/VKns7‚Ä¶"
317,"RT @steve_hanke: The Pakistan Bureau of Statistics released its inflation figure for February at 31.6%/yr. It‚Äôs BOGUS! Today, I accurately‚Ä¶"
318,RT @Farazwazir786: The former premier said that there was inflation around the world when his party was in government during COVID-19. He w‚Ä¶
319,"RT @ThisWeekABC: The Ohio toxic train derailment, the origins of COVID, the economy &amp; inflation, Russia, China, the 2024 race ‚Äì the powerho‚Ä¶"
320,"Steps in progress to control inflation, address unemployment: Shazia Marri

@BBhuttoZardari @ShaziaAttaMarri‚Ä¶ https://t.co/K6dAmOTqtf"
321,RT @Farazwazir786: The former premier said that there was inflation around the world when his party was in government during COVID-19. He w‚Ä¶
322,"RT @WallStreetSilv: How Inflation looks like in Germany ...

Before &amp; After ...

üîämusic ...ü§® https://t.co/jvUYqz5DEe"
323,"RT @fky6677: Addressing the nation via video link, he lambasted Prime Minister Shehbaz Sharif, saying the latter was preparing the nation f‚Ä¶"
324,"RT @steve_hanke: Instead of addressing sky-high INFLATION, GROWING POVERTY, AND PLUMMETING SAFETY, Pres. Buhari has prioritized leading a F‚Ä¶"
325,"@POTUS Reality: 
12 million jobs rebounded from Covid

Labor shortage: boomers early retirement, Others left labor‚Ä¶ https://t.co/qSjSaYChVB"
326,@POTUS Stop bragging about bringing down inflation. It‚Äôs still at like 6% anyway so you didn‚Äôt really help much. Un‚Ä¶ https://t.co/N82lpjKIgs
327,"RT @fky6677: Addressing the nation via video link, he lambasted Prime Minister Shehbaz Sharif, saying the latter was preparing the nation f‚Ä¶"
328,"RT @steve_hanke: The Pakistan Bureau of Statistics released its inflation figure for February at 31.6%/yr. It‚Äôs BOGUS! Today, I accurately‚Ä¶"
329,"RT @WallStreetSilv: How Inflation looks like in Germany ...

Before &amp; After ...

üîämusic ...ü§® https://t.co/jvUYqz5DEe"
330,"RT @POTUS: Let‚Äôs take a look at our economic growth:
 
12 million new jobs.
 
Unemployment at a 53-year low.
 
Inflation falling for 7 stra‚Ä¶"
331,"RT @shanum787898: ""Today, they have turned out in large numbers to participate in the protest against inflation,""

#Ÿæ€å_Ÿπ€å_ÿßÿ¶€å_ÿØŸàÿ™€Åÿßÿ¶€å
#ÿπŸÖÿ±ÿß‚Ä¶"
332,RT @mehak538: create havoc and panic. thats whay they can do. i am so gutted that these morons have no shame left. do they care about poor‚Ä¶
333,"@theSBPC @POTUS @SenSanders 340million are drowning in Democrat policy inflation do the right thing, vote all Democ‚Ä¶ https://t.co/AG1Ab4rDE5"
334,"#China sets growth target of 5% for 2023; #China targets #inflation rate of around 3% for 2023. 

#economy"
335,"RT @rishibagree: In Pakistan:

No Forex left
31% Inflation
45% Food Inflation
20% Repo Rate
Fuel rates up by 3x

But yet it Ranked Higher t‚Ä¶"
336,"RT @steve_hanke: Instead of addressing sky-high INFLATION, GROWING POVERTY, AND PLUMMETING SAFETY, Pres. Buhari has prioritized leading a F‚Ä¶"
337,"RT @POTUS: Let‚Äôs take a look at our economic growth:
 
12 million new jobs.
 
Unemployment at a 53-year low.
 
Inflation falling for 7 stra‚Ä¶"
338,"RT @steve_hanke: Instead of addressing sky-high INFLATION, GROWING POVERTY, AND PLUMMETING SAFETY, Pres. Buhari has prioritized leading a F‚Ä¶"
339,"RT @meJat32: Barring Karnataka &amp; Kerala, no state has BB2 admits crossed. TN &amp; APTS had enough inflation in last 5 years for PS1 &amp; RRR to c‚Ä¶"
340,"RT @shahid_PTI10: Dollar 300 RS
 Interest rate 20 percent
 Inflation at 75-year high.  But instead of controlling these things, our institu‚Ä¶"
341,"RT @visagec3: Upcoming Events

March 10, Friday : U.S. Jobs Report.
March 14, Tuesday : U.S. CPI Data.
March 15, Wednesday : U.S. PPI, Reta‚Ä¶"
342,"@AndrewBowie_MP @Conservatives Inflation was set to naturally halve, please don't pretend this is because of Rishi‚Ä¶ https://t.co/KQiWjncE63"
343,"RT @TulsaTeresa: @SenateGOP I guess you missed the pandemic, global inflation after Russian aggression against Ukraine, and Trump‚Äôs success‚Ä¶"
344,RT @charliebilello: Here's a history of US home price appreciation going back to 1891. 2022 was the first down year for home prices on an i‚Ä¶
345,"RT @shanum787898: ""Today, they have turned out in large numbers to participate in the protest against inflation,""

#Ÿæ€å_Ÿπ€å_ÿßÿ¶€å_ÿØŸàÿ™€Åÿßÿ¶€å
#ÿπŸÖÿ±ÿß‚Ä¶"
346,"RT @fky6677: Addressing the nation via video link, he lambasted Prime Minister Shehbaz Sharif, saying the latter was preparing the nation f‚Ä¶"
347,"Cretinous inept and  useless unelected PM Sunak's gov is beyond belief. 
Sunak (an accountant) announces 6% increas‚Ä¶ https://t.co/7t0eR8JUoc"
348,"RT @fky6677: Addressing the nation via video link, he lambasted Prime Minister Shehbaz Sharif, saying the latter was preparing the nation f‚Ä¶"
349,"RT @Guru_BCUBE: There are concerns such as inflation, higher interest rate, war, unemployment, lower growth, regulatory crack down so we wi‚Ä¶"
350,"RT @POTUS: Seniors on Medicare are already feeling the effects of the Inflation Reduction Act I signed into law.
 
When they pick up their‚Ä¶"
351,"RT @RealOlaudah: record of the election, for all tabulation, collation and declaration.
The idea of criminally withholding passwords, infla‚Ä¶"
352,RT @OrinocoTribune: Latin America‚Äôs Plan Against Inflation ‚Äòa New Scenario of Regional Integration‚Äô https://t.co/qC7VaVNqpQ
353,"RT @GBNEWS: 'With rising interest rates, cash flows are being pushed...Farms are now cutting back on larger retail productions.'

Food infl‚Ä¶"
354,"RT @steve_hanke: Instead of addressing sky-high INFLATION, GROWING POVERTY, AND PLUMMETING SAFETY, Pres. Buhari has prioritized leading a F‚Ä¶"
355,"@Studio26151 @DavidPocock It can be changed at any time in the future depending on the circumstances.
No body can p‚Ä¶ https://t.co/35Ihh3fMi1"
356,RT @Shinga_10: @MxolisiBob We are not printing money that much but inflation is killing us
357,"@POTUS Wow, you're so misinformed, the economy is stagnant the cost of living has doubled people can't even afford‚Ä¶ https://t.co/smZOWVWfvQ"
358,"RT @shanum787898: ""Today, they have turned out in large numbers to participate in the protest against inflation,""

#Ÿæ€å_Ÿπ€å_ÿßÿ¶€å_ÿØŸàÿ™€Åÿßÿ¶€å
#ÿπŸÖÿ±ÿß‚Ä¶"
359,"@SecDef @Andrews_JBA Record debt, two digit inflation, trade deficit, record homeless, record consumer debt."
360,"RT @POTUS: Let‚Äôs take a look at our economic growth:
 
12 million new jobs.
 
Unemployment at a 53-year low.
 
Inflation falling for 7 stra‚Ä¶"
361,"RT @hassan_k82: ""Crowd at Wagah Border parades thinning out
Some attribute it to inflation while others believe¬†today‚Äôs¬†generation isn‚Äôt in‚Ä¶"
362,"RT @SaminaHMalik: Mr. Bajwa Faiz, this experience of yours has cost the nation very much
The cost of which is being borne by the nation tod‚Ä¶"
363,"@NatsiosNikolas @Kanthan2030 GDP is bound to inflation, not standard of living."
364,"RT @steve_hanke: The Pakistan Bureau of Statistics released its inflation figure for February at 31.6%/yr. It‚Äôs BOGUS! Today, I accurately‚Ä¶"
365,"Rail minister says the 5.6% price hike is well below the rate of inflation! A bit like our ""payrise"" then eh‚Ä¶ https://t.co/Sa5BETaa3q"
366,"RT @steve_hanke: Instead of addressing sky-high INFLATION, GROWING POVERTY, AND PLUMMETING SAFETY, Pres. Buhari has prioritized leading a F‚Ä¶"
367,"@PStConservative @mitchellvii You mean when gas was under 2 dollars a gallon, inflation didn‚Äôt exist, no attacking‚Ä¶ https://t.co/IvKTS75Uk0"
368,"RT @EliseStefanik: This week House Republicans delivered #RESULTS for the American people.

‚úÖREIN IN Inflation Act
‚úÖDefended our seniors‚Äô a‚Ä¶"
369,"Addressing the nation via video link, he lambasted Prime Minister Shehbaz Sharif, saying the latter was preparing t‚Ä¶ https://t.co/4z2QniRPtV"
370,"RT @steve_hanke: Instead of addressing sky-high INFLATION, GROWING POVERTY, AND PLUMMETING SAFETY, Pres. Buhari has prioritized leading a F‚Ä¶"
371,RT @ArdaCapital: Comments by @altcap on the All-In episode made me curious: has there been meaningful SBC grant inflation over the last few‚Ä¶
372,"RT @Khanimranist: I don't understand where we are taking this country. 
If you arrest Khan, the situation will be out of your hands. 
The e‚Ä¶"
373,"RT @ZafarHilaly: Rupert Stone, a journalist based out of Turkey, reports ‚Äò 5 million people will be close to famine in the coming weeks as‚Ä¶"
374,Difference between 2% &amp; 7% inflation.. üòÇüòÇ https://t.co/WacFnIYCKC
375,"RT @POTUS: Let‚Äôs take a look at our economic growth:
 
12 million new jobs.
 
Unemployment at a 53-year low.
 
Inflation falling for 7 stra‚Ä¶"
376,"RT @laurenboebert: Thanks to this amendment, the OMB will have to post Inflation Impact Assessments of Biden‚Äôs executive orders and federal‚Ä¶"
377,@Rio80621709 @mraina05 @DrSJaishankar The world doesn't work on principles If you r unaware of. For india(country o‚Ä¶ https://t.co/mN30kQ5CiX
378,"RT @MorePerfectUS: On today‚Äôs earnings call the CEO of Kroger, the biggest supermarket chain in the United States, admitted to investors th‚Ä¶"
379,RT @sd1158989: @Yasmin38093 Hello! Beautiful Yasmin!.Have a wonderful Sunday and amazing Day just for you.I hope you are fine Sweetheart an‚Ä¶
380,Exactly. The courts should peg the inflation and unemployment rates and fix exchange rate. It is important. The Cou‚Ä¶ https://t.co/CxCNzNAOKD
381,RT @MorePerfectUS: He told investors: ‚ÄúWe still have several CPGs (Consumer Packaged Good companies) that are trying to pass through costs‚Ä¶
382,create havoc and panic. thats whay they can do. i am so gutted that these morons have no shame left. do they care a‚Ä¶ https://t.co/LHO7LmNOaW
383,RT @Twostones00: At CPAC they talk about inflation and blame Biden.  Here is what they talk about when no one is around! https://t.co/LPZWo‚Ä¶
384,RT @pau1_br0wn: @johnredwood The Lawson 3 year honeymoon caused a rise in inflation (10%+) &amp; a larger current account deficit. His failed p‚Ä¶
385,"Investors are bracing for more interest pain as they worry that, in the post-pandemic world, inflation is more immu‚Ä¶ https://t.co/RlI9IpALuF"
386,"RT @shanum787898: ""Today, they have turned out in large numbers to participate in the protest against inflation,""

#Ÿæ€å_Ÿπ€å_ÿßÿ¶€å_ÿØŸàÿ™€Åÿßÿ¶€å
#ÿπŸÖÿ±ÿß‚Ä¶"
387,"RT @POTUS: Let‚Äôs take a look at our economic growth:
 
12 million new jobs.
 
Unemployment at a 53-year low.
 
Inflation falling for 7 stra‚Ä¶"
388,"RT @steve_hanke: Instead of addressing sky-high INFLATION, GROWING POVERTY, AND PLUMMETING SAFETY, Pres. Buhari has prioritized leading a F‚Ä¶"
389,@FakeBong17 6% INTEREST FOR LESS THAN A MONTH? trying to fight inflation all by yourself
390,"@ICT_Police Why you want to jam country !!!?!
Already your ""Aqaas killing awam with inflation !!!"
391,@Yasmin38093 Hello! Beautiful Yasmin!.Have a wonderful Sunday and amazing Day just for you.I hope you are fine Swee‚Ä¶ https://t.co/SPPWT5pQqa
392,"RT @SaminaHMalik: Mr. Bajwa Faiz, this experience of yours has cost the nation very much
The cost of which is being borne by the nation tod‚Ä¶"
393,"RT @SaminaHMalik: Mr. Bajwa Faiz, this experience of yours has cost the nation very much
The cost of which is being borne by the nation tod‚Ä¶"
394,@ianperbowo @pmarca Our country's recent healthcare inflation still can't be compared with US's 1-2 decades ago https://t.co/vW05OD3DRz
395,RT @Farazwazir786: The former premier said that there was inflation around the world when his party was in government during COVID-19. He w‚Ä¶
396,"RT @Mister_Ch0c: Welcome to Europe
They say the inflation is 9% they rly think we're dumb lol https://t.co/n88TrWzQ7W"
397,"RT @Reuters: ECB facing high core inflation in the near term, Lagarde says https://t.co/j9jx9ZHHqY https://t.co/kfAPjGPvmh"
398,"Just farmers growing less food.. I‚Äôm sure it will be fine..

#gbnews #FoodShortages #CostOfLivingCrisis‚Ä¶ https://t.co/sLHDzlnXvW"
399,"RT @SenJohnKennedy: Thanks to Pres. Biden‚Äôs raging inflation dumpster fire, Americans are using their tax refunds just to make ends meet‚Äîto‚Ä¶"
400,"RT @POTUS: Inflation has fallen seven straight months.
 
Gas prices are down $1.60 since their peak, and we‚Äôre going to keep pushing.
 
Fol‚Ä¶"
401,"RT @steve_hanke: Instead of addressing sky-high INFLATION, GROWING POVERTY, AND PLUMMETING SAFETY, Pres. Buhari has prioritized leading a F‚Ä¶"
402,@POTUS Why was inflation high to begin with?
403,"RT @caan38053518: @DashDobrofsky Ya!That‚Äôs the priority! Who cares that in 3 short years, the Marxist Democrats have decimated US Citzens‚Äô‚Ä¶"
404,"RT @Zikidad: 8 questions to Mr @UhuruKE, 

Trust this tweet meets u well.

1. Is KE the world capital of poverty? 

2. Does KE have over 20‚Ä¶"
405,"RT @POTUS: Seniors on Medicare are already feeling the effects of the Inflation Reduction Act I signed into law.
 
When they pick up their‚Ä¶"
406,"RT @jmduhnke: @SenateGOP Pres Biden has created 12M jobs, capped insulin at $35, passed historic legislation to lower inflation &amp; fix Ameri‚Ä¶"
407,"RT @shanum787898: ""Today, they have turned out in large numbers to participate in the protest against inflation,""

#Ÿæ€å_Ÿπ€å_ÿßÿ¶€å_ÿØŸàÿ™€Åÿßÿ¶€å
#ÿπŸÖÿ±ÿß‚Ä¶"
408,"RT @SaminaHMalik: Mr. Bajwa Faiz, this experience of yours has cost the nation very much
The cost of which is being borne by the nation tod‚Ä¶"
409,"RT @newrepublic: When Biden signed the Inflation Reduction Act into law last year, that measure capped out of pocket insulin costs for Medi‚Ä¶"
410,"RT @ianrich15813274: The Tory government is always 'planning' to end things: inflation, small boat crossings, corruption, pollution, rough‚Ä¶"
411,"@vishyananth @elerianm @CEAChair44 @WSJ Lags are not 13 yrs.

The Fed had been QE-ing with few brief exceptions sin‚Ä¶ https://t.co/22FBnNPrGW"
412,RT @goulcher: very cool indictment of a government that has refused to stabilise wages in line with inflation and house prices for the last‚Ä¶
413,RT @Farazwazir786: The former premier said that there was inflation around the world when his party was in government during COVID-19. He w‚Ä¶
414,"RT @KVishReddy: Highest Petrol Diesel prices in the nation are in Telangana

Highest inflation in the country-TS

Inflation in rural TS is‚Ä¶"
415,"RT @KVishReddy: Inflation &amp; and the cost of living hit the common man in Telangana.

The highest price rise - inflation in the country is i‚Ä¶"
416,"RT @shanum787898: ""Today, they have turned out in large numbers to participate in the protest against inflation,""

#Ÿæ€å_Ÿπ€å_ÿßÿ¶€å_ÿØŸàÿ™€Åÿßÿ¶€å
#ÿπŸÖÿ±ÿß‚Ä¶"
417,RT @Farazwazir786: The former premier said that there was inflation around the world when his party was in government during COVID-19. He w‚Ä¶
418,"RT @Zikidad: 8 questions to Mr @UhuruKE, 

Trust this tweet meets u well.

1. Is KE the world capital of poverty? 

2. Does KE have over 20‚Ä¶"
419,"RT @ThisWeekABC: The Ohio toxic train derailment, the origins of COVID, the economy &amp; inflation, Russia, China, the 2024 race ‚Äì the powerho‚Ä¶"
420,"RT @SmellyCat2Sunny: @POTUS Joe Biden is bragging about inflation being at 7.48% one year ago, the highest in more than 40 years, and it dr‚Ä¶"
421,RT @ImranKhanPTI: Rupee slaughtered - lost over 62% or 110/$ in 11 months of PDM. This has increased public debt alone Rs 14.3 trn &amp; histor‚Ä¶
422,RT @TheDemocrats: Reminder that Republicans want to raise prescription drug costs on millions of Americans by repealing the Inflation Reduc‚Ä¶
423,"RT @steve_hanke: Instead of addressing sky-high INFLATION, GROWING POVERTY, AND PLUMMETING SAFETY, Pres. Buhari has prioritized leading a F‚Ä¶"
424,"In april 2022, frax released fpi as an inflation-pegged stablecoin, which tracks the us 12 month consumer price ind‚Ä¶ https://t.co/sooSuhDyAB"
425,"@JavierBlas @opinion All parabolas collapse. 

Inflation party is over. Time for global depression."
426,"RT @Khanimranist: I don't understand where we are taking this country. 
If you arrest Khan, the situation will be out of your hands. 
The e‚Ä¶"
427,"RT @WallStreetSilv: How Inflation looks like in Germany ...

Before &amp; After ...

üîämusic ...ü§® https://t.co/jvUYqz5DEe"
428,"RT @Reuters: ECB facing high core inflation in the near term, Lagarde says https://t.co/j9jx9ZHHqY https://t.co/kfAPjGPvmh"
429,"RT @PeterSchiff: When will investors figure out that even a 6% Fed Funds rate won't be high enough to return #inflation to 2%, even if it r‚Ä¶"
430,"RT @steve_hanke: Instead of addressing sky-high INFLATION, GROWING POVERTY, AND PLUMMETING SAFETY, Pres. Buhari has prioritized leading a F‚Ä¶"
431,"RT @NayabGrw: Mr. Bajwa Faiz, this experience of yours has cost the nation very much
The cost of which is being borne by the nation today i‚Ä¶"
432,"RT @SaminaHMalik: Mr. Bajwa Faiz, this experience of yours has cost the nation very much
The cost of which is being borne by the nation tod‚Ä¶"
433,You better my dear because I don't see you saving beyond 4k wi this kind of inflation https://t.co/m8MWU80PgL
434,"RT @shanum787898: ""Today, they have turned out in large numbers to participate in the protest against inflation,""

#Ÿæ€å_Ÿπ€å_ÿßÿ¶€å_ÿØŸàÿ™€Åÿßÿ¶€å
#ÿπŸÖÿ±ÿß‚Ä¶"
435,RT @Farazwazir786: The former premier said that there was inflation around the world when his party was in government during COVID-19. He w‚Ä¶
436,"RT @TommyPigott: @POTUS Let‚Äôs take a look at the facts:

Inflation has been above 5% for almost 2 years.

Real wages have fallen at the fas‚Ä¶"
437,"Around 0.8 million professionals have left the country. Such is the level of despair. On one hand, there is inflati‚Ä¶ https://t.co/aNH1LOG3N4"
438,"RT @Khanimranist: I don't understand where we are taking this country. 
If you arrest Khan, the situation will be out of your hands. 
The e‚Ä¶"
439,@joedmirvic1 @MayraFlores2022 Inflation the previous year was 7% &amp; it does not compound year to year. So you still‚Ä¶ https://t.co/HfRN3hsZBC
440,"RT @Sadiapti12: Imran Khan kept inflation under control even in Corona, this incompetent government and its handlers have pushed Pakistan t‚Ä¶"
441,"RT @steve_hanke: Instead of addressing sky-high INFLATION, GROWING POVERTY, AND PLUMMETING SAFETY, Pres. Buhari has prioritized leading a F‚Ä¶"
442,RT @shreyasBhalek10: @RahulAsks True.We have a wholesale cosmetic shop in Nashik‚Äôs main market and the situation is same here too. Post Diw‚Ä¶
443,"RT @SaminaHMalik: Mr. Bajwa Faiz, this experience of yours has cost the nation very much
The cost of which is being borne by the nation tod‚Ä¶"
444,RT @Analyst_G: I hope it won't materialize but economy rotates to secular inflation using economical depression which cleans zombification‚Ä¶
445,"RT @l_iving_: Everyone should participate in the protest of Tahreek Labbaik Pakistan against inflation.
#€Åÿ±Ÿæÿ±€åÿ≥_⁄©ŸÑÿ®_⁄©€íÿ®ÿß€Åÿ±ŸÑÿ®€å⁄©_ŸàÿßŸÑ€í https:/‚Ä¶"
446,The former premier said that there was inflation around the world when his party was in government during COVID-19.‚Ä¶ https://t.co/j5ssukDdzl
447,"Mr. Bajwa Faiz, this experience of yours has cost the nation very much
The cost of which is being borne by the nati‚Ä¶ https://t.co/KmjTKARUqO"
448,@ruffydfire Chief maybe you should do a thread what inflation will do to the Nigerian economy if the Old noted and‚Ä¶ https://t.co/7azQ3x5Rra
449,"RT @shanum787898: ""Today, they have turned out in large numbers to participate in the protest against inflation,""

#Ÿæ€å_Ÿπ€å_ÿßÿ¶€å_ÿØŸàÿ™€Åÿßÿ¶€å
#ÿπŸÖÿ±ÿß‚Ä¶"
450,"RT @shanum787898: ""Today, they have turned out in large numbers to participate in the protest against inflation,""

#Ÿæ€å_Ÿπ€å_ÿßÿ¶€å_ÿØŸàÿ™€Åÿßÿ¶€å
#ÿπŸÖÿ±ÿß‚Ä¶"
451,"RT @Mubashar_300: Mr. Bajwa Faiz, this experience of yours has cost the nation very much
The cost of which is being borne by the nation tod‚Ä¶"
452,"RT @GBNEWS: 'With rising interest rates, cash flows are being pushed...Farms are now cutting back on larger retail productions.'

Food infl‚Ä¶"
453,"RT @CE_ChinaEconomy: #China targets inflation rate, or increase in consumer price index (#CPI), of around 3 percent for 2023, according to‚Ä¶"
454,@HuduHussein @KagutaMuseveni @NRMOnline @NUP_Ug @FDCOfficial1 @newvisionwire @kirunda_faruk @millybabalanda Can u i‚Ä¶ https://t.co/Z4rivlmpcb
455,"RT @WallStreetSilv: How Inflation looks like in Germany ...

Before &amp; After ...

üîämusic ...ü§® https://t.co/jvUYqz5DEe"
456,"RT @POTUS: Let‚Äôs take a look at our economic growth:
 
12 million new jobs.
 
Unemployment at a 53-year low.
 
Inflation falling for 7 stra‚Ä¶"
457,"RT @Mubashar_300: Mr. Bajwa Faiz, this experience of yours has cost the nation very much
The cost of which is being borne by the nation tod‚Ä¶"
458,"RT @Reuters: ECB facing high core inflation in the near term, Lagarde says https://t.co/j9jx9ZHHqY https://t.co/kfAPjGPvmh"
459,"RT @FromKulak: 7/

We're about to head into a major economic downturn: inflation, sanctions, the knock on effects of lockdown, Europe being‚Ä¶"
460,"@NorfFC100BC @Bedsboy @tomhfh Ahh, but that's not 'growth', it's 'inflation'!"
461,"RT @SaminaHMalik: Mr. Bajwa Faiz, this experience of yours has cost the nation very much
The cost of which is being borne by the nation tod‚Ä¶"
462,"RT @rishibagree: In Pakistan:

No Forex left
31% Inflation
45% Food Inflation
20% Repo Rate
Fuel rates up by 3x

But yet it Ranked Higher t‚Ä¶"
463,"RT @SaminaHMalik: Mr. Bajwa Faiz, this experience of yours has cost the nation very much
The cost of which is being borne by the nation tod‚Ä¶"
464,"RT @Sanjeevdelhincr: @AamAadmiParty @AAPKarnataka @aapkaprithvi @AAPBangalore In Pakistan:

No Forex left
31% Inflation
45% Food Inflation‚Ä¶"
465,"RT @POTUS: Seniors on Medicare are already feeling the effects of the Inflation Reduction Act I signed into law.
 
When they pick up their‚Ä¶"
466,"RT @steve_hanke: Instead of addressing sky-high INFLATION, GROWING POVERTY, AND PLUMMETING SAFETY, Pres. Buhari has prioritized leading a F‚Ä¶"
467,"RT @thecryptomars: March is a very important month. 

March 10, Friday : U.S. Jobs Report.
March 14, Tuesday : U.S. CPI Data.
March 15, Wed‚Ä¶"
468,"RT @POTUS: Let‚Äôs take a look at our economic growth:
 
12 million new jobs.
 
Unemployment at a 53-year low.
 
Inflation falling for 7 stra‚Ä¶"
469,"RT @POTUS: Let‚Äôs take a look at our economic growth:
 
12 million new jobs.
 
Unemployment at a 53-year low.
 
Inflation falling for 7 stra‚Ä¶"
470,"RT @rishibagree: In Pakistan:

No Forex left
31% Inflation
45% Food Inflation
20% Repo Rate
Fuel rates up by 3x

But yet it Ranked Higher t‚Ä¶"
471,"@Naija_PR Inflation, he made inflation"
472,RT @wspausin: @hohumvon @bill_dobell @ALLIN91953176 Not my PM is completely misdirected with his priorities.. more interested in Gay Mardi‚Ä¶
473,"RT @POTUS: Inflation has fallen seven straight months.
 
Gas prices are down $1.60 since their peak, and we‚Äôre going to keep pushing.
 
Fol‚Ä¶"
474,"RT @Mister_Ch0c: Welcome to Europe
They say the inflation is 9% they rly think we're dumb lol https://t.co/n88TrWzQ7W"
475,"RT @stats_feed: Inflation rate:

Argentina üá¶üá∑ 98.8%
Turkey üáπüá∑ 55.18%
Russia üá∑üá∫ 11.8%
UK üá¨üáß 10.1%
Italy üáÆüáπ 9.2%
Germany üá©üá™ 8.7%
Euro Area üá™üá∫‚Ä¶"
476,"RT @tembo_shephard: @denvern3 Now they are resorting to what they call ‚Äòblended‚Äô calculation of inflation.
Mixing the nonsensical contrived‚Ä¶"
477,"Gasoline used to be free at the petrol station, now it's ¬£1. You know why? Because they're trying to get you to swi‚Ä¶ https://t.co/XYuzD5PVBM"
478,"RT @steve_hanke: Instead of addressing sky-high INFLATION, GROWING POVERTY, AND PLUMMETING SAFETY, Pres. Buhari has prioritized leading a F‚Ä¶"
479,RT @spacecatch_io: The $CATCH token forms the basis of the gaming economy for the new #SpaceCatch game. It is designed to act as a store of‚Ä¶
480,"RT @SaminaHMalik: Mr. Bajwa Faiz, this experience of yours has cost the nation very much
The cost of which is being borne by the nation tod‚Ä¶"
481,"RT @Khanimranist: I don't understand where we are taking this country. 
If you arrest Khan, the situation will be out of your hands. 
The e‚Ä¶"
482,"@TT29738215 @spatso @stephen_taylor Pierre Poilievre does nothing but whine and complain about Trudeau. 
Inflation‚Ä¶ https://t.co/IsoVDQ2PIE"
483,"Firing fresh broadside at the ruling government for ruining the state of the economy in the country, Khan said: ‚ÄúAt‚Ä¶ https://t.co/q3nsbV7QPU"
484,For Subs: https://t.co/JvEWbkPrYf
485,@CPAC @KariLake Why did video ritually all Republicans vote ahmgainst infrastructure and inflation reduction?  Just‚Ä¶ https://t.co/GdHZUQqwmr
486,"Is the Inflation Momentum Back Before It Even Disappeared? 

""Some early indicators of inflation have started to sh‚Ä¶ https://t.co/tClmlR0tY9"
487,"RT @shanum787898: ""Today, they have turned out in large numbers to participate in the protest against inflation,""

#Ÿæ€å_Ÿπ€å_ÿßÿ¶€å_ÿØŸàÿ™€Åÿßÿ¶€å
#ÿπŸÖÿ±ÿß‚Ä¶"
488,"RT @Facts4euOrg: EU‚Äôs inflation - higher than in Brexit Britain, and was higher in every month last year.
Another inconvenient truth for pr‚Ä¶"
489,"@EU_Commission The confidence in EU institutions  and governments is all times low. Inflation, unemployment, civil‚Ä¶ https://t.co/EL7mlQMS0i"
490,"RT @TommyPigott: @POTUS Let‚Äôs take a look at the facts:

Inflation has been above 5% for almost 2 years.

Real wages have fallen at the fas‚Ä¶"
491,"RT @POTUS: Seniors on Medicare are already feeling the effects of the Inflation Reduction Act I signed into law.
 
When they pick up their‚Ä¶"
492,"ECB facing high core inflation in the near term, Lagarde says https://t.co/j9jx9ZHHqY https://t.co/kfAPjGPvmh"
493,"RT @Mubashar_300: Mr. Bajwa Faiz, this experience of yours has cost the nation very much
The cost of which is being borne by the nation tod‚Ä¶"
494,Car repossessions are growing as Americans are still struggling with higher car prices and inflation.  https://t.co/wh2LQiQiYQ
495,"RT @TickerHistory: In 1992 George Soros was a hedge fund manager at Quantum Fund with around $3B in assets

As inflation and currency value‚Ä¶"
496,"RT @steve_hanke: Instead of addressing sky-high INFLATION, GROWING POVERTY, AND PLUMMETING SAFETY, Pres. Buhari has prioritized leading a F‚Ä¶"
497,"@CollinRugg Hey it could be my husband with the cost of inflation, if my State had money to hand out for LBQ‚Ä¶..whatever population."
498,"RT @shanum787898: ""Today, they have turned out in large numbers to participate in the protest against inflation,""

#Ÿæ€å_Ÿπ€å_ÿßÿ¶€å_ÿØŸàÿ™€Åÿßÿ¶€å
#ÿπŸÖÿ±ÿß‚Ä¶"
499,"RT @StealthQE4: Younger generations are poor again. 

Credit cards maxed out. Savings gone.

Inflation still raging. 

Can‚Äôt wait to see ho‚Ä¶"
500,"RT @ianrich15813274: The Tory government is always 'planning' to end things: inflation, small boat crossings, corruption, pollution, rough‚Ä¶"
501,"RT @shanum787898: ""Today, they have turned out in large numbers to participate in the protest against inflation,""

#Ÿæ€å_Ÿπ€å_ÿßÿ¶€å_ÿØŸàÿ™€Åÿßÿ¶€å
#ÿπŸÖÿ±ÿß‚Ä¶"
502,Have employers used high inflation as cover to make excessive profits? https://t.co/C01ti5Pg1B
503,"RT @Mubashar_300: Mr. Bajwa Faiz, this experience of yours has cost the nation very much
The cost of which is being borne by the nation tod‚Ä¶"
504,"RT @steve_hanke: After 8 years as Nigeria‚Äôs president, Buhari leaves behind a dismal legacy: CORRUPTION, A JUNK CURRENCY, SOARING INFLATION‚Ä¶"
505,@POTUS Wages are up because of inflation. People actually have less. That‚Äôs what happens when you raise minimum wage - nobody wins.
506,"That means your relative share of the protocol has actually gone down. 

This highlighted the concept of real yield‚Ä¶ https://t.co/uBxyZjtf6h"
507,@bigfatjimbo @johnredwood Exactly how did lockdowns in the UK contribute to the global rise in energy prices; to in‚Ä¶ https://t.co/AtxVstoWjZ
508,"@POTUS How? those are not new jobs those are people going back to work, and inflation hasn't gone down at all the f‚Ä¶ https://t.co/CPJumy05yc"
509,"RT @SaminaHMalik: Mr. Bajwa Faiz, this experience of yours has cost the nation very much
The cost of which is being borne by the nation tod‚Ä¶"
510,"RT @shanum787898: ""Today, they have turned out in large numbers to participate in the protest against inflation,""

#Ÿæ€å_Ÿπ€å_ÿßÿ¶€å_ÿØŸàÿ™€Åÿßÿ¶€å
#ÿπŸÖÿ±ÿß‚Ä¶"
511,"RT @POTUS: Seniors on Medicare are already feeling the effects of the Inflation Reduction Act I signed into law.
 
When they pick up their‚Ä¶"
512,"@bucketliftshvy @ClownWorld_ As the central communist state prints new money as government grants, 400 is probably‚Ä¶ https://t.co/Yz1RuXIwHS"
513,"RT @steve_hanke: Instead of addressing sky-high INFLATION, GROWING POVERTY, AND PLUMMETING SAFETY, Pres. Buhari has prioritized leading a F‚Ä¶"
514,"RT @steve_hanke: The Pakistan Bureau of Statistics released its inflation figure for February at 31.6%/yr. It‚Äôs BOGUS! Today, I accurately‚Ä¶"
515,"RT @steve_hanke: Instead of addressing sky-high INFLATION, GROWING POVERTY, AND PLUMMETING SAFETY, Pres. Buhari has prioritized leading a F‚Ä¶"
516,RT @JoshBBornstein: Have employers used high inflation as cover to make excessive profits?  https://t.co/l9FWwljL4X
517,@RepLisaMcClain Inflation is not a tax.  Where do you get that it is?
518,"RT @shanum787898: ""Today, they have turned out in large numbers to participate in the protest against inflation,""

#Ÿæ€å_Ÿπ€å_ÿßÿ¶€å_ÿØŸàÿ™€Åÿßÿ¶€å
#ÿπŸÖÿ±ÿß‚Ä¶"
519,"RT @Khanimranist: I don't understand where we are taking this country. 
If you arrest Khan, the situation will be out of your hands. 
The e‚Ä¶"
520,"RT @WallStreetSilv: How Inflation looks like in Germany ...

Before &amp; After ...

üîämusic ...ü§® https://t.co/jvUYqz5DEe"
521,"RT @Khanimranist: I don't understand where we are taking this country. 
If you arrest Khan, the situation will be out of your hands. 
The e‚Ä¶"
522,I failed to understand why this imported government has lost its mind. By arresting @ImranKhanPTI will they be able‚Ä¶ https://t.co/gjkg8rF47W
523,"RT @shanum787898: ""Today, they have turned out in large numbers to participate in the protest against inflation,""

#Ÿæ€å_Ÿπ€å_ÿßÿ¶€å_ÿØŸàÿ™€Åÿßÿ¶€å
#ÿπŸÖÿ±ÿß‚Ä¶"
524,@TATrader_Alan MY God NO!!STOP IT!!We will see BTC go into the $100k‚Äôs +!BUT NOT NOW!!I beg you-get out of this cry‚Ä¶ https://t.co/CeOjO0azB6
525,"RT @PehnDiSiri: Ishaq Dar's response when someone asks him ""what will you do to decrease inflation and bring $ price down"" https://t.co/fjt‚Ä¶"
526,@alex141176 Good Morning Beautiful Aleksandra....My Superstar...Miss 400...üòÇSo proud of you my Darling..You send me‚Ä¶ https://t.co/tQA3cmuhPj
527,BBG: ECB Policy Pioneer Issing Warns of More Inflation Shocks to Come #macro #inflation #ecb
528,"RT @POTUS: Inflation has fallen seven straight months.
 
Gas prices are down $1.60 since their peak, and we‚Äôre going to keep pushing.
 
Fol‚Ä¶"
529,"RT @shanum787898: ""Today, they have turned out in large numbers to participate in the protest against inflation,""

#Ÿæ€å_Ÿπ€å_ÿßÿ¶€å_ÿØŸàÿ™€Åÿßÿ¶€å
#ÿπŸÖÿ±ÿß‚Ä¶"
530,"RT @POTUS: Let‚Äôs take a look at our economic growth:
 
12 million new jobs.
 
Unemployment at a 53-year low.
 
Inflation falling for 7 stra‚Ä¶"
531,RT @Twostones00: At CPAC they talk about inflation and blame Biden.  Here is what they talk about when no one is around! https://t.co/LPZWo‚Ä¶
532,"RT @edward_farina: Broke people mentality: 

üó£Ô∏è ‚ÄúI don‚Äôt have $500 to buy some #XRP but will grab a brand new Iphone   14 Pro Max for $1500‚Ä¶"
533,"RT @shanum787898: ""Today, they have turned out in large numbers to participate in the protest against inflation,""

#Ÿæ€å_Ÿπ€å_ÿßÿ¶€å_ÿØŸàÿ™€Åÿßÿ¶€å
#ÿπŸÖÿ±ÿß‚Ä¶"
534,"RT @POTUS: Inflation has fallen seven straight months.
 
Gas prices are down $1.60 since their peak, and we‚Äôre going to keep pushing.
 
Fol‚Ä¶"
535,"RT @rishibagree: In Pakistan:

No Forex left
31% Inflation
45% Food Inflation
20% Repo Rate
Fuel rates up by 3x

But yet it Ranked Higher t‚Ä¶"
536,"RT @PehnDiSiri: Ishaq Dar's response when someone asks him ""what will you do to decrease inflation and bring $ price down"" https://t.co/fjt‚Ä¶"
537,"RT @steve_hanke: Instead of addressing sky-high INFLATION, GROWING POVERTY, AND PLUMMETING SAFETY, Pres. Buhari has prioritized leading a F‚Ä¶"
538,Work from home stokes inflation
539,"RT @dhoorebbc: #Somalia is cashless country, all payments are bank transfers, debit card payments, mobile payments and digital wallets. Som‚Ä¶"
540,"RT @POTUS: Inflation has fallen seven straight months.
 
Gas prices are down $1.60 since their peak, and we‚Äôre going to keep pushing.
 
Fol‚Ä¶"
541,"RT @Khanimranist: I don't understand where we are taking this country. 
If you arrest Khan, the situation will be out of your hands. 
The e‚Ä¶"
542,"@Getrude_mollel @TanzaniaInsight @mwigulunchemba1 Don't forget  inflation factor,  the figure might be driven by global inflation"
543,"RT @POTUS: Inflation has fallen seven straight months.
 
Gas prices are down $1.60 since their peak, and we‚Äôre going to keep pushing.
 
Fol‚Ä¶"
544,"RT @POTUS: Seniors on Medicare are already feeling the effects of the Inflation Reduction Act I signed into law.
 
When they pick up their‚Ä¶"
545,"RT @Facts4euOrg: EU‚Äôs inflation - higher than in Brexit Britain, and was higher in every month last year.
Another inconvenient truth for pr‚Ä¶"
546,"RT @ThisWeekABC: The Ohio toxic train derailment, the origins of COVID, the economy &amp; inflation, Russia, China, the 2024 race ‚Äì the powerho‚Ä¶"
547,"RT @steve_hanke: Pakistan is set to default on its $7 billion debt. This will further derail the economy. Today, I ACCURATELY measure infla‚Ä¶"
548,"@OlympusDAO learned us to think about dilution and real yield. 

Dilution refers to your share of the protocol. 

I‚Ä¶ https://t.co/KPITtyA8Ah"
549,"RT @SaminaHMalik: Mr. Bajwa Faiz, this experience of yours has cost the nation very much
The cost of which is being borne by the nation tod‚Ä¶"
550,"RT @MLBinWA: This is an important issue for so many now.

The lockdowns, the virus, the fear, inflation etc... drove so many to have more c‚Ä¶"
551,"RT @KVishReddy: Highest Petrol Diesel prices in the nation are in Telangana

Highest inflation in the country-TS

Inflation in rural TS is‚Ä¶"
552,"RT @tymonday: üó£Ô∏èNEW BLOG ALERT

CEO took the day off so I‚Äôm on promo duty. 

#MNR: BETTER DAYS 
https://t.co/EvKEXEaa8P

@crewunB 

#inflat‚Ä¶"
553,"RT @steve_hanke: Pakistan is set to default on its $7 billion debt. This will further derail the economy. Today, I ACCURATELY measure infla‚Ä¶"
554,@PattyMurray Really? But you helped cause inflation. Now people need to decide if they can buy food or pay the ener‚Ä¶ https://t.co/8iyBHQ8nqn
555,"RT @steve_hanke: Instead of addressing sky-high INFLATION, GROWING POVERTY, AND PLUMMETING SAFETY, Pres. Buhari has prioritized leading a F‚Ä¶"
556,"RT @SaminaHMalik: Mr. Bajwa Faiz, this experience of yours has cost the nation very much
The cost of which is being borne by the nation tod‚Ä¶"
557,"RT @rishibagree: In Pakistan:

No Forex left
31% Inflation
45% Food Inflation
20% Repo Rate
Fuel rates up by 3x

But yet it Ranked Higher t‚Ä¶"
558,RT @JosueLopezGal: On a path of purchasing 1 BTC every 2 weeks. This is my idea of hedging inflation for my portfolio. https://t.co/NgDcXj3‚Ä¶
559,"RT @SyedTar02233985: PTI staged a protest demonstration against rising inflation in the country on Sunday. A large number of party workers,‚Ä¶"
560,@grugstan @JonPiccini I reckon so much inherited wealth will be passed down that a regular worker's balance will be‚Ä¶ https://t.co/yW7KeMjPkQ
561,"RT @Mubashar_300: Mr. Bajwa Faiz, this experience of yours has cost the nation very much
The cost of which is being borne by the nation tod‚Ä¶"
562,"RT @GodarmyofAngel: @POTUS Blatant Lies.
People are still going back to their old jobs
Inflation at 14% now up from 0.8% 

You can not shut‚Ä¶"
563,"RT @steve_hanke: Instead of addressing sky-high INFLATION, GROWING POVERTY, AND PLUMMETING SAFETY, Pres. Buhari has prioritized leading a F‚Ä¶"
564,"RT @SaminaHMalik: Mr. Bajwa Faiz, this experience of yours has cost the nation very much
The cost of which is being borne by the nation tod‚Ä¶"
565,"RT @shanum787898: ""Today, they have turned out in large numbers to participate in the protest against inflation,""

#Ÿæ€å_Ÿπ€å_ÿßÿ¶€å_ÿØŸàÿ™€Åÿßÿ¶€å
#ÿπŸÖÿ±ÿß‚Ä¶"
566,"RT @ThisWeekABC: The Ohio toxic train derailment, the origins of COVID, the economy &amp; inflation, Russia, China, the 2024 race ‚Äì the powerho‚Ä¶"
567,"RT @mahwishzafar7: #ÿ™ÿ±ŸÑÿßÿÆÿßŸÜ
#ÿ™ÿ±ÿßÿ≤Ÿà_⁄©€í_ŸæŸÑ⁄ë€í_ÿ®ÿ±ÿßÿ®ÿ±_⁄©ÿ±Ÿà
Imran Khan brought the economic destruction and inflation. https://t.co/pSlwKQJX9s"
568,"Donald is Fascist and pure capitalism leader, but I'm agreeing with him few things,he didn't invade any country, He‚Ä¶ https://t.co/xagrTGZbVY"
569,"@RepKGrant According to the MSHDA &amp; MHAF property taxes is already covered, but for MSHDA a home owner must prove t‚Ä¶ https://t.co/SJrC98jI3d"
570,"RT @rishibagree: In Pakistan:

No Forex left
31% Inflation
45% Food Inflation
20% Repo Rate
Fuel rates up by 3x

But yet it Ranked Higher t‚Ä¶"
571,"RT @SaminaHMalik: Mr. Bajwa Faiz, this experience of yours has cost the nation very much
The cost of which is being borne by the nation tod‚Ä¶"
